"14491: Kraftpriser i sluttbrukermarkedet, etter kontraktstype, kvartal og statistikkvariabel"

"kontraktstype";"kvartal";"Kraftpris ekskl. avgifter (øre/kWh)";"Kraftpris inkl. mva (øre/kWh)";"Fordeling av kontraktstyper (prosent)"
"1 Husholdninger, i alt";"2012K1";34.4;42.0;100.0
"1 Husholdninger, i alt";"2012K2";26.1;31.8;100.0
"1 Husholdninger, i alt";"2012K3";20.0;24.3;100.0
"1 Husholdninger, i alt";"2012K4";30.4;37.1;100.0
"1 Husholdninger, i alt";"2013K1";34.9;42.6;100.0
"1 Husholdninger, i alt";"2013K2";34.6;42.2;100.0
"1 Husholdninger, i alt";"2013K3";33.4;40.6;100.0
"1 Husholdninger, i alt";"2013K4";35.6;43.4;100.0
"1 Husholdninger, i alt";"2014K1";31.5;38.4;100.0
"1 Husholdninger, i alt";"2014K2";26.6;32.5;100.0
"1 Husholdninger, i alt";"2014K3";31.6;38.5;100.0
"1 Husholdninger, i alt";"2014K4";31.7;38.7;100.0
"1 Husholdninger, i alt";"2015K1";31.3;38.1;100.0
"1 Husholdninger, i alt";"2015K2";26.0;31.7;100.0
"1 Husholdninger, i alt";"2015K3";20.0;24.4;100.0
"1 Husholdninger, i alt";"2015K4";25.9;31.6;100.0
"1 Husholdninger, i alt";"2016K1";28.7;35.0;100.0
"1 Husholdninger, i alt";"2016K2";28.8;35.1;100.0
"1 Husholdninger, i alt";"2016K3";30.5;37.2;100.0
"1 Husholdninger, i alt";"2016K4";37.6;45.8;100.0
"1 Husholdninger, i alt";"2017K1";34.3;41.9;100.0
"1 Husholdninger, i alt";"2017K2";33.1;40.4;100.0
"1 Husholdninger, i alt";"2017K3";33.3;40.6;100.0
"1 Husholdninger, i alt";"2017K4";36.0;43.8;100.0
"1 Husholdninger, i alt";"2018K1";42.5;51.8;100.0
"1 Husholdninger, i alt";"2018K2";44.6;54.4;100.0
"1 Husholdninger, i alt";"2018K3";55.3;67.5;100.0
"1 Husholdninger, i alt";"2018K4";54.8;66.9;100.0
"1 Husholdninger, i alt";"2019K1";55.2;67.4;100.0
"1 Husholdninger, i alt";"2019K2";45.6;55.7;100.0
"1 Husholdninger, i alt";"2019K3";42.5;51.9;100.0
"1 Husholdninger, i alt";"2019K4";46.8;57.2;100.0
"1 Husholdninger, i alt";"2020K1";26.8;32.7;100.0
"1 Husholdninger, i alt";"2020K2";14.9;18.2;100.0
"1 Husholdninger, i alt";"2020K3";14.4;17.6;100.0
"1 Husholdninger, i alt";"2020K4";22.2;27.1;100.0
"1 Husholdninger, i alt";"2021K1";53.5;65.3;100.0
"1 Husholdninger, i alt";"2021K2";50.9;62.2;100.0
"1 Husholdninger, i alt";"2021K3";76.3;93.1;100.0
"1 Husholdninger, i alt";"2021K4";108.1;132.0;100.0
"1 Husholdninger, i alt";"2022K1";117.2;143.1;100.0
"1 Husholdninger, i alt";"2022K2";124.2;151.6;100.0
"1 Husholdninger, i alt";"2022K3";214.3;261.6;100.0
"1 Husholdninger, i alt";"2022K4";169.6;207.0;100.0
"1 Husholdninger, i alt";"2023K1";110.5;134.8;100.0
"1 Husholdninger, i alt";"2023K2";84.7;103.2;100.0
"1 Husholdninger, i alt";"2023K3";42.2;51.5;100.0
"1 Husholdninger, i alt";"2023K4";84.6;103.3;100.0
"1 Husholdninger, i alt";"2024K1";78.9;96.4;100.0
"1 Husholdninger, i alt";"2024K2";55.7;67.9;100.0
"1 Husholdninger, i alt";"2024K3";35.3;43.0;100.0
"1 Husholdninger, i alt";"2024K4";54.5;66.5;100.0
"1 Husholdninger, i alt";"2025K1";68.1;83.1;100.0
"1 Husholdninger, i alt";"2025K2";54.3;66.1;100.0
"1.1 Fastpriskontrakter, husholdninger";"2012K1";39.2;47.7;7.8
"1.1 Fastpriskontrakter, husholdninger";"2012K2";38.4;46.9;5.8
"1.1 Fastpriskontrakter, husholdninger";"2012K3";35.8;43.7;6.7
"1.1 Fastpriskontrakter, husholdninger";"2012K4";36.1;44.0;6.1
"1.1 Fastpriskontrakter, husholdninger";"2013K1";35.9;43.7;6.0
"1.1 Fastpriskontrakter, husholdninger";"2013K2";36.0;43.8;4.7
"1.1 Fastpriskontrakter, husholdninger";"2013K3";35.4;43.2;5.1
"1.1 Fastpriskontrakter, husholdninger";"2013K4";36.7;44.7;4.3
"1.1 Fastpriskontrakter, husholdninger";"2014K1";36.0;43.8;4.2
"1.1 Fastpriskontrakter, husholdninger";"2014K2";35.5;43.3;4.3
"1.1 Fastpriskontrakter, husholdninger";"2014K3";37.9;46.1;7.5
"1.1 Fastpriskontrakter, husholdninger";"2014K4";34.1;41.5;3.2
"1.1 Fastpriskontrakter, husholdninger";"2015K1";33.3;40.6;2.7
"1.1 Fastpriskontrakter, husholdninger";"2015K2";33.1;40.3;2.8
"1.1 Fastpriskontrakter, husholdninger";"2015K3";33.2;40.5;2.4
"1.1 Fastpriskontrakter, husholdninger";"2015K4";32.0;39.0;2.0
"1.1 Fastpriskontrakter, husholdninger";"2016K1";30.5;37.2;2.0
"1.1 Fastpriskontrakter, husholdninger";"2016K2";30.4;37.0;1.9
"1.1 Fastpriskontrakter, husholdninger";"2016K3";29.8;36.4;1.7
"1.1 Fastpriskontrakter, husholdninger";"2016K4";29.9;36.4;1.7
"1.1 Fastpriskontrakter, husholdninger";"2017K1";30.3;37.0;2.1
"1.1 Fastpriskontrakter, husholdninger";"2017K2";30.6;37.3;1.7
"1.1 Fastpriskontrakter, husholdninger";"2017K3";31.9;38.9;3.8
"1.1 Fastpriskontrakter, husholdninger";"2017K4";30.8;37.6;1.7
"1.1 Fastpriskontrakter, husholdninger";"2018K1";30.6;37.3;2.1
"1.1 Fastpriskontrakter, husholdninger";"2018K2";30.8;37.7;2.3
"1.1 Fastpriskontrakter, husholdninger";"2018K3";33.9;41.4;2.0
"1.1 Fastpriskontrakter, husholdninger";"2018K4";37.1;45.3;2.4
"1.1 Fastpriskontrakter, husholdninger";"2019K1";37.3;45.5;2.0
"1.1 Fastpriskontrakter, husholdninger";"2019K2";35.3;43.2;2.3
"1.1 Fastpriskontrakter, husholdninger";"2019K3";37.1;45.3;2.3
"1.1 Fastpriskontrakter, husholdninger";"2019K4";38.3;46.7;2.3
"1.1 Fastpriskontrakter, husholdninger";"2020K1";37.5;45.9;2.3
"1.1 Fastpriskontrakter, husholdninger";"2020K2";33.4;40.8;2.3
"1.1 Fastpriskontrakter, husholdninger";"2020K3";30.9;37.8;2.0
"1.1 Fastpriskontrakter, husholdninger";"2020K4";31.7;38.7;1.9
"1.1 Fastpriskontrakter, husholdninger";"2021K1";35.3;43.0;2.3
"1.1 Fastpriskontrakter, husholdninger";"2021K2";33.3;40.7;2.5
"1.1 Fastpriskontrakter, husholdninger";"2021K3";54.2;66.2;3.6
"1.1 Fastpriskontrakter, husholdninger";"2021K4";50.5;61.6;3.5
"1.1 Fastpriskontrakter, husholdninger";"2022K1";61.1;74.6;5.2
"1.1 Fastpriskontrakter, husholdninger";"2022K2";57.8;70.5;7.9
"1.1 Fastpriskontrakter, husholdninger";"2022K3";63.9;78.0;5.4
"1.1 Fastpriskontrakter, husholdninger";"2022K4";58.9;71.8;4.7
"1.1 Fastpriskontrakter, husholdninger";"2023K1";54.6;66.6;3.4
"1.1 Fastpriskontrakter, husholdninger";"2023K2";51.3;62.6;3.7
"1.1 Fastpriskontrakter, husholdninger";"2023K3";48.9;59.6;3.3
"1.1 Fastpriskontrakter, husholdninger";"2023K4";52.3;63.9;3.0
"1.1 Fastpriskontrakter, husholdninger";"2024K1";52.7;64.3;3.1
"1.1 Fastpriskontrakter, husholdninger";"2024K2";48.2;58.7;3.1
"1.1 Fastpriskontrakter, husholdninger";"2024K3";47.6;58.0;2.9
"1.1 Fastpriskontrakter, husholdninger";"2024K4";49.1;60.0;3.1
"1.1 Fastpriskontrakter, husholdninger";"2025K1";54.9;67.0;2.8
"1.1 Fastpriskontrakter, husholdninger";"2025K2";41.3;50.3;2.0
"1.2 Kontrakter tilknyttet elspotprisen, husholdninger";"2012K1";33.3;40.6;60.9
"1.2 Kontrakter tilknyttet elspotprisen, husholdninger";"2012K2";24.0;29.3;65.1
"1.2 Kontrakter tilknyttet elspotprisen, husholdninger";"2012K3";17.0;20.7;67.0
"1.2 Kontrakter tilknyttet elspotprisen, husholdninger";"2012K4";30.5;37.2;67.8
"1.2 Kontrakter tilknyttet elspotprisen, husholdninger";"2013K1";34.4;41.9;66.9
"1.2 Kontrakter tilknyttet elspotprisen, husholdninger";"2013K2";34.2;41.7;67.4
"1.2 Kontrakter tilknyttet elspotprisen, husholdninger";"2013K3";32.5;39.6;68.1
"1.2 Kontrakter tilknyttet elspotprisen, husholdninger";"2013K4";34.3;41.8;66.0
"1.2 Kontrakter tilknyttet elspotprisen, husholdninger";"2014K1";29.3;35.7;66.1
"1.2 Kontrakter tilknyttet elspotprisen, husholdninger";"2014K2";24.0;29.2;67.1
"1.2 Kontrakter tilknyttet elspotprisen, husholdninger";"2014K3";30.3;36.9;60.2
"1.2 Kontrakter tilknyttet elspotprisen, husholdninger";"2014K4";30.4;37.0;68.3
"1.2 Kontrakter tilknyttet elspotprisen, husholdninger";"2015K1";29.1;35.5;67.7
"1.2 Kontrakter tilknyttet elspotprisen, husholdninger";"2015K2";23.5;28.7;69.2
"1.2 Kontrakter tilknyttet elspotprisen, husholdninger";"2015K3";17.2;21.0;67.6
"1.2 Kontrakter tilknyttet elspotprisen, husholdninger";"2015K4";24.2;29.6;69.3
"1.2 Kontrakter tilknyttet elspotprisen, husholdninger";"2016K1";26.9;32.8;69.9
"1.2 Kontrakter tilknyttet elspotprisen, husholdninger";"2016K2";27.4;33.4;70.7
"1.2 Kontrakter tilknyttet elspotprisen, husholdninger";"2016K3";29.1;35.5;71.5
"1.2 Kontrakter tilknyttet elspotprisen, husholdninger";"2016K4";36.6;44.6;71.3
"1.2 Kontrakter tilknyttet elspotprisen, husholdninger";"2017K1";32.1;39.2;68.0
"1.2 Kontrakter tilknyttet elspotprisen, husholdninger";"2017K2";31.8;38.7;69.2
"1.2 Kontrakter tilknyttet elspotprisen, husholdninger";"2017K3";32.3;39.4;69.6
"1.2 Kontrakter tilknyttet elspotprisen, husholdninger";"2017K4";34.9;42.6;71.8
"1.2 Kontrakter tilknyttet elspotprisen, husholdninger";"2018K1";42.2;51.5;72.3
"1.2 Kontrakter tilknyttet elspotprisen, husholdninger";"2018K2";43.6;53.2;72.1
"1.2 Kontrakter tilknyttet elspotprisen, husholdninger";"2018K3";54.3;66.3;72.4
"1.2 Kontrakter tilknyttet elspotprisen, husholdninger";"2018K4";53.1;64.9;72.2
"1.2 Kontrakter tilknyttet elspotprisen, husholdninger";"2019K1";53.1;64.8;74.7
"1.2 Kontrakter tilknyttet elspotprisen, husholdninger";"2019K2";43.8;53.5;74.7
"1.2 Kontrakter tilknyttet elspotprisen, husholdninger";"2019K3";41.0;50.1;76.0
"1.2 Kontrakter tilknyttet elspotprisen, husholdninger";"2019K4";45.3;55.2;73.7
"1.2 Kontrakter tilknyttet elspotprisen, husholdninger";"2020K1";22.9;27.9;77.1
"1.2 Kontrakter tilknyttet elspotprisen, husholdninger";"2020K2";12.3;15.1;78.2
"1.2 Kontrakter tilknyttet elspotprisen, husholdninger";"2020K3";12.2;14.9;80.1
"1.2 Kontrakter tilknyttet elspotprisen, husholdninger";"2020K4";20.2;24.7;77.1
"1.2 Kontrakter tilknyttet elspotprisen, husholdninger";"2021K1";53.8;65.7;76.1
"1.2 Kontrakter tilknyttet elspotprisen, husholdninger";"2021K2";50.3;61.4;75.7
"1.2 Kontrakter tilknyttet elspotprisen, husholdninger";"2021K3";79.4;96.9;74.1
"1.2 Kontrakter tilknyttet elspotprisen, husholdninger";"2021K4";111.4;136.0;74.5
"1.2 Kontrakter tilknyttet elspotprisen, husholdninger";"2022K1";116.4;142.1;75.9
"1.2 Kontrakter tilknyttet elspotprisen, husholdninger";"2022K2";127.3;155.4;75.1
"1.2 Kontrakter tilknyttet elspotprisen, husholdninger";"2022K3";225.3;275.0;80.1
"1.2 Kontrakter tilknyttet elspotprisen, husholdninger";"2022K4";170.6;208.2;87.4
"1.2 Kontrakter tilknyttet elspotprisen, husholdninger";"2023K1";108.5;132.4;92.1
"1.2 Kontrakter tilknyttet elspotprisen, husholdninger";"2023K2";84.4;102.8;92.1
"1.2 Kontrakter tilknyttet elspotprisen, husholdninger";"2023K3";39.2;47.8;92.9
"1.2 Kontrakter tilknyttet elspotprisen, husholdninger";"2023K4";85.0;103.7;93.2
"1.2 Kontrakter tilknyttet elspotprisen, husholdninger";"2024K1";77.8;95.1;93.4
"1.2 Kontrakter tilknyttet elspotprisen, husholdninger";"2024K2";54.0;65.8;93.4
"1.2 Kontrakter tilknyttet elspotprisen, husholdninger";"2024K3";33.7;41.1;94.9
"1.2 Kontrakter tilknyttet elspotprisen, husholdninger";"2024K4";53.8;65.7;94.7
"1.2 Kontrakter tilknyttet elspotprisen, husholdninger";"2025K1";67.8;82.7;95.1
"1.2 Kontrakter tilknyttet elspotprisen, husholdninger";"2025K2";53.9;65.6;95.9
"1.3 Variabel pris kontrakter, husholdninger";"2012K1";35.5;43.3;31.3
"1.3 Variabel pris kontrakter, husholdninger";"2012K2";28.4;34.6;29.2
"1.3 Variabel pris kontrakter, husholdninger";"2012K3";23.5;28.7;26.2
"1.3 Variabel pris kontrakter, husholdninger";"2012K4";28.8;35.1;26.0
"1.3 Variabel pris kontrakter, husholdninger";"2013K1";36.0;43.9;27.1
"1.3 Variabel pris kontrakter, husholdninger";"2013K2";35.4;43.2;27.9
"1.3 Variabel pris kontrakter, husholdninger";"2013K3";35.1;42.8;26.8
"1.3 Variabel pris kontrakter, husholdninger";"2013K4";38.3;46.7;29.7
"1.3 Variabel pris kontrakter, husholdninger";"2014K1";35.8;43.6;29.7
"1.3 Variabel pris kontrakter, husholdninger";"2014K2";31.6;38.5;28.6
"1.3 Variabel pris kontrakter, husholdninger";"2014K3";32.5;39.6;32.2
"1.3 Variabel pris kontrakter, husholdninger";"2014K4";34.7;42.3;28.5
"1.3 Variabel pris kontrakter, husholdninger";"2015K1";36.0;43.9;29.6
"1.3 Variabel pris kontrakter, husholdninger";"2015K2";31.4;38.3;28.1
"1.3 Variabel pris kontrakter, husholdninger";"2015K3";25.3;30.8;30.0
"1.3 Variabel pris kontrakter, husholdninger";"2015K4";29.5;35.9;28.6
"1.3 Variabel pris kontrakter, husholdninger";"2016K1";33.0;40.2;28.1
"1.3 Variabel pris kontrakter, husholdninger";"2016K2";32.2;39.2;27.5
"1.3 Variabel pris kontrakter, husholdninger";"2016K3";34.3;41.8;26.8
"1.3 Variabel pris kontrakter, husholdninger";"2016K4";40.6;49.5;27.0
"1.3 Variabel pris kontrakter, husholdninger";"2017K1";39.6;48.3;30.0
"1.3 Variabel pris kontrakter, husholdninger";"2017K2";36.5;44.5;29.1
"1.3 Variabel pris kontrakter, husholdninger";"2017K3";36.0;43.9;26.6
"1.3 Variabel pris kontrakter, husholdninger";"2017K4";39.0;47.6;26.5
"1.3 Variabel pris kontrakter, husholdninger";"2018K1";44.4;54.1;25.6
"1.3 Variabel pris kontrakter, husholdninger";"2018K2";48.5;59.2;25.7
"1.3 Variabel pris kontrakter, husholdninger";"2018K3";59.9;73.1;25.5
"1.3 Variabel pris kontrakter, husholdninger";"2018K4";61.2;74.7;25.4
"1.3 Variabel pris kontrakter, husholdninger";"2019K1";63.6;77.6;23.3
"1.3 Variabel pris kontrakter, husholdninger";"2019K2";52.3;63.9;23.0
"1.3 Variabel pris kontrakter, husholdninger";"2019K3";48.5;59.2;21.6
"1.3 Variabel pris kontrakter, husholdninger";"2019K4";52.6;64.2;23.9
"1.3 Variabel pris kontrakter, husholdninger";"2020K1";40.3;49.3;20.6
"1.3 Variabel pris kontrakter, husholdninger";"2020K2";22.8;27.8;19.5
"1.3 Variabel pris kontrakter, husholdninger";"2020K3";22.8;27.8;17.8
"1.3 Variabel pris kontrakter, husholdninger";"2020K4";28.5;34.8;20.9
"1.3 Variabel pris kontrakter, husholdninger";"2021K1";54.4;66.5;21.6
"1.3 Variabel pris kontrakter, husholdninger";"2021K2";55.2;67.4;21.7
"1.3 Variabel pris kontrakter, husholdninger";"2021K3";69.7;85.1;22.2
"1.3 Variabel pris kontrakter, husholdninger";"2021K4";106.0;129.5;21.9
"1.3 Variabel pris kontrakter, husholdninger";"2022K1";135.8;165.8;18.9
"1.3 Variabel pris kontrakter, husholdninger";"2022K2";141.0;172.1;17.0
"1.3 Variabel pris kontrakter, husholdninger";"2022K3";209.3;255.6;14.5
"1.3 Variabel pris kontrakter, husholdninger";"2022K4";222.7;271.9;8.0
"1.3 Variabel pris kontrakter, husholdninger";"2023K1";196.4;239.8;4.4
"1.3 Variabel pris kontrakter, husholdninger";"2023K2";120.4;146.8;4.2
"1.3 Variabel pris kontrakter, husholdninger";"2023K3";109.8;133.8;3.8
"1.3 Variabel pris kontrakter, husholdninger";"2023K4";101.8;124.2;3.7
"1.3 Variabel pris kontrakter, husholdninger";"2024K1";131.7;160.9;3.5
"1.3 Variabel pris kontrakter, husholdninger";"2024K2";109.2;133.2;3.4
"1.3 Variabel pris kontrakter, husholdninger";"2024K3";89.7;109.4;2.2
"1.3 Variabel pris kontrakter, husholdninger";"2024K4";89.7;109.5;2.3
"1.3 Variabel pris kontrakter, husholdninger";"2025K1";98.9;120.7;2.1
"1.3 Variabel pris kontrakter, husholdninger";"2025K2";84.4;102.8;2.1
"2 Tjenesteytende næringer, i alt";"2012K1";32.6;.;100.0
"2 Tjenesteytende næringer, i alt";"2012K2";25.4;.;100.0
"2 Tjenesteytende næringer, i alt";"2012K3";19.4;.;100.0
"2 Tjenesteytende næringer, i alt";"2012K4";31.3;.;100.0
"2 Tjenesteytende næringer, i alt";"2013K1";34.1;.;100.0
"2 Tjenesteytende næringer, i alt";"2013K2";34.0;.;100.0
"2 Tjenesteytende næringer, i alt";"2013K3";31.1;.;100.0
"2 Tjenesteytende næringer, i alt";"2013K4";34.5;.;100.0
"2 Tjenesteytende næringer, i alt";"2014K1";29.9;.;100.0
"2 Tjenesteytende næringer, i alt";"2014K2";24.4;.;100.0
"2 Tjenesteytende næringer, i alt";"2014K3";30.0;.;100.0
"2 Tjenesteytende næringer, i alt";"2014K4";30.5;.;100.0
"2 Tjenesteytende næringer, i alt";"2015K1";29.1;.;100.0
"2 Tjenesteytende næringer, i alt";"2015K2";23.5;.;100.0
"2 Tjenesteytende næringer, i alt";"2015K3";18.1;.;100.0
"2 Tjenesteytende næringer, i alt";"2015K4";25.0;.;100.0
"2 Tjenesteytende næringer, i alt";"2016K1";27.3;.;100.0
"2 Tjenesteytende næringer, i alt";"2016K2";25.9;.;100.0
"2 Tjenesteytende næringer, i alt";"2016K3";27.2;.;100.0
"2 Tjenesteytende næringer, i alt";"2016K4";35.5;.;100.0
"2 Tjenesteytende næringer, i alt";"2017K1";30.9;.;100.0
"2 Tjenesteytende næringer, i alt";"2017K2";29.4;.;100.0
"2 Tjenesteytende næringer, i alt";"2017K3";29.8;.;100.0
"2 Tjenesteytende næringer, i alt";"2017K4";32.8;.;100.0
"2 Tjenesteytende næringer, i alt";"2018K1";39.0;.;100.0
"2 Tjenesteytende næringer, i alt";"2018K2";40.8;.;100.0
"2 Tjenesteytende næringer, i alt";"2018K3";51.0;.;100.0
"2 Tjenesteytende næringer, i alt";"2018K4";50.7;.;100.0
"2 Tjenesteytende næringer, i alt";"2019K1";51.1;.;100.0
"2 Tjenesteytende næringer, i alt";"2019K2";42.0;.;100.0
"2 Tjenesteytende næringer, i alt";"2019K3";37.9;.;100.0
"2 Tjenesteytende næringer, i alt";"2019K4";43.1;.;100.0
"2 Tjenesteytende næringer, i alt";"2020K1";24.6;.;100.0
"2 Tjenesteytende næringer, i alt";"2020K2";11.9;.;100.0
"2 Tjenesteytende næringer, i alt";"2020K3";10.3;.;100.0
"2 Tjenesteytende næringer, i alt";"2020K4";18.3;.;100.0
"2 Tjenesteytende næringer, i alt";"2021K1";49.1;.;100.0
"2 Tjenesteytende næringer, i alt";"2021K2";45.8;.;100.0
"2 Tjenesteytende næringer, i alt";"2021K3";72.3;.;100.0
"2 Tjenesteytende næringer, i alt";"2021K4";105.9;.;100.0
"2 Tjenesteytende næringer, i alt";"2022K1";113.0;.;100.0
"2 Tjenesteytende næringer, i alt";"2022K2";125.5;.;100.0
"2 Tjenesteytende næringer, i alt";"2022K3";226.0;.;100.0
"2 Tjenesteytende næringer, i alt";"2022K4";162.6;.;100.0
"2 Tjenesteytende næringer, i alt";"2023K1";110.2;.;100.0
"2 Tjenesteytende næringer, i alt";"2023K2";80.8;.;100.0
"2 Tjenesteytende næringer, i alt";"2023K3";37.3;.;100.0
"2 Tjenesteytende næringer, i alt";"2023K4";80.7;.;100.0
"2 Tjenesteytende næringer, i alt";"2024K1";76.2;.;100.0
"2 Tjenesteytende næringer, i alt";"2024K2";51.9;.;100.0
"2 Tjenesteytende næringer, i alt";"2024K3";33.1;.;100.0
"2 Tjenesteytende næringer, i alt";"2024K4";54.5;.;100.0
"2 Tjenesteytende næringer, i alt";"2025K1";67.5;.;100.0
"2 Tjenesteytende næringer, i alt";"2025K2";52.2;.;100.0
"2.1 Fastpriskontrakter, tjenesteytende næringer";"2012K1";38.2;.;6.3
"2.1 Fastpriskontrakter, tjenesteytende næringer";"2012K2";36.7;.;11.1
"2.1 Fastpriskontrakter, tjenesteytende næringer";"2012K3";34.7;.;13.8
"2.1 Fastpriskontrakter, tjenesteytende næringer";"2012K4";35.0;.;11.0
"2.1 Fastpriskontrakter, tjenesteytende næringer";"2013K1";36.0;.;8.9
"2.1 Fastpriskontrakter, tjenesteytende næringer";"2013K2";36.0;.;9.1
"2.1 Fastpriskontrakter, tjenesteytende næringer";"2013K3";36.1;.;10.3
"2.1 Fastpriskontrakter, tjenesteytende næringer";"2013K4";35.7;.;9.2
"2.1 Fastpriskontrakter, tjenesteytende næringer";"2014K1";34.5;.;9.1
"2.1 Fastpriskontrakter, tjenesteytende næringer";"2014K2";33.8;.;8.9
"2.1 Fastpriskontrakter, tjenesteytende næringer";"2014K3";34.9;.;9.9
"2.1 Fastpriskontrakter, tjenesteytende næringer";"2014K4";34.5;.;9.2
"2.1 Fastpriskontrakter, tjenesteytende næringer";"2015K1";33.4;.;6.4
"2.1 Fastpriskontrakter, tjenesteytende næringer";"2015K2";33.1;.;7.4
"2.1 Fastpriskontrakter, tjenesteytende næringer";"2015K3";32.0;.;8.2
"2.1 Fastpriskontrakter, tjenesteytende næringer";"2015K4";32.4;.;8.6
"2.1 Fastpriskontrakter, tjenesteytende næringer";"2016K1";30.9;.;7.1
"2.1 Fastpriskontrakter, tjenesteytende næringer";"2016K2";30.9;.;7.0
"2.1 Fastpriskontrakter, tjenesteytende næringer";"2016K3";31.4;.;7.1
"2.1 Fastpriskontrakter, tjenesteytende næringer";"2016K4";31.5;.;5.5
"2.1 Fastpriskontrakter, tjenesteytende næringer";"2017K1";29.3;.;4.9
"2.1 Fastpriskontrakter, tjenesteytende næringer";"2017K2";29.1;.;5.4
"2.1 Fastpriskontrakter, tjenesteytende næringer";"2017K3";29.2;.;7.4
"2.1 Fastpriskontrakter, tjenesteytende næringer";"2017K4";28.8;.;5.9
"2.1 Fastpriskontrakter, tjenesteytende næringer";"2018K1";30.0;.;7.2
"2.1 Fastpriskontrakter, tjenesteytende næringer";"2018K2";30.4;.;8.0
"2.1 Fastpriskontrakter, tjenesteytende næringer";"2018K3";31.6;.;8.9
"2.1 Fastpriskontrakter, tjenesteytende næringer";"2018K4";36.8;.;8.4
"2.1 Fastpriskontrakter, tjenesteytende næringer";"2019K1";38.5;.;5.0
"2.1 Fastpriskontrakter, tjenesteytende næringer";"2019K2";35.1;.;7.1
"2.1 Fastpriskontrakter, tjenesteytende næringer";"2019K3";35.1;.;8.3
"2.1 Fastpriskontrakter, tjenesteytende næringer";"2019K4";34.1;.;5.9
"2.1 Fastpriskontrakter, tjenesteytende næringer";"2020K1";38.5;.;7.3
"2.1 Fastpriskontrakter, tjenesteytende næringer";"2020K2";33.8;.;7.8
"2.1 Fastpriskontrakter, tjenesteytende næringer";"2020K3";22.6;.;6.1
"2.1 Fastpriskontrakter, tjenesteytende næringer";"2020K4";23.6;.;6.2
"2.1 Fastpriskontrakter, tjenesteytende næringer";"2021K1";29.6;.;7.3
"2.1 Fastpriskontrakter, tjenesteytende næringer";"2021K2";30.0;.;8.3
"2.1 Fastpriskontrakter, tjenesteytende næringer";"2021K3";37.4;.;7.9
"2.1 Fastpriskontrakter, tjenesteytende næringer";"2021K4";35.5;.;5.4
"2.1 Fastpriskontrakter, tjenesteytende næringer";"2022K1";48.5;.;3.7
"2.1 Fastpriskontrakter, tjenesteytende næringer";"2022K2";45.8;.;5.2
"2.1 Fastpriskontrakter, tjenesteytende næringer";"2022K3";78.4;.;5.3
"2.1 Fastpriskontrakter, tjenesteytende næringer";"2022K4";89.4;.;4.1
"2.1 Fastpriskontrakter, tjenesteytende næringer";"2023K1";87.3;.;5.0
"2.1 Fastpriskontrakter, tjenesteytende næringer";"2023K2";71.8;.;4.8
"2.1 Fastpriskontrakter, tjenesteytende næringer";"2023K3";68.7;.;6.4
"2.1 Fastpriskontrakter, tjenesteytende næringer";"2023K4";55.7;.;4.7
"2.1 Fastpriskontrakter, tjenesteytende næringer";"2024K1";53.5;.;6.3
"2.1 Fastpriskontrakter, tjenesteytende næringer";"2024K2";49.7;.;5.6
"2.1 Fastpriskontrakter, tjenesteytende næringer";"2024K3";47.4;.;6.7
"2.1 Fastpriskontrakter, tjenesteytende næringer";"2024K4";49.9;.;6.6
"2.1 Fastpriskontrakter, tjenesteytende næringer";"2025K1";58.4;.;7.2
"2.1 Fastpriskontrakter, tjenesteytende næringer";"2025K2";54.4;.;8.3
"2.2 Kontrakter tilknyttet elspotprisen, tjenesteytende næringer";"2012K1";32.1;.;89.1
"2.2 Kontrakter tilknyttet elspotprisen, tjenesteytende næringer";"2012K2";23.8;.;83.1
"2.2 Kontrakter tilknyttet elspotprisen, tjenesteytende næringer";"2012K3";16.7;.;82.2
"2.2 Kontrakter tilknyttet elspotprisen, tjenesteytende næringer";"2012K4";31.2;.;81.1
"2.2 Kontrakter tilknyttet elspotprisen, tjenesteytende næringer";"2013K1";33.8;.;86.8
"2.2 Kontrakter tilknyttet elspotprisen, tjenesteytende næringer";"2013K2";33.7;.;85.7
"2.2 Kontrakter tilknyttet elspotprisen, tjenesteytende næringer";"2013K3";30.4;.;85.2
"2.2 Kontrakter tilknyttet elspotprisen, tjenesteytende næringer";"2013K4";34.3;.;85.7
"2.2 Kontrakter tilknyttet elspotprisen, tjenesteytende næringer";"2014K1";29.2;.;85.2
"2.2 Kontrakter tilknyttet elspotprisen, tjenesteytende næringer";"2014K2";23.0;.;82.6
"2.2 Kontrakter tilknyttet elspotprisen, tjenesteytende næringer";"2014K3";29.3;.;85.5
"2.2 Kontrakter tilknyttet elspotprisen, tjenesteytende næringer";"2014K4";29.9;.;86.3
"2.2 Kontrakter tilknyttet elspotprisen, tjenesteytende næringer";"2015K1";28.6;.;89.0
"2.2 Kontrakter tilknyttet elspotprisen, tjenesteytende næringer";"2015K2";22.5;.;88.3
"2.2 Kontrakter tilknyttet elspotprisen, tjenesteytende næringer";"2015K3";16.5;.;87.1
"2.2 Kontrakter tilknyttet elspotprisen, tjenesteytende næringer";"2015K4";24.0;.;86.2
"2.2 Kontrakter tilknyttet elspotprisen, tjenesteytende næringer";"2016K1";26.8;.;88.2
"2.2 Kontrakter tilknyttet elspotprisen, tjenesteytende næringer";"2016K2";25.3;.;89.0
"2.2 Kontrakter tilknyttet elspotprisen, tjenesteytende næringer";"2016K3";26.7;.;89.5
"2.2 Kontrakter tilknyttet elspotprisen, tjenesteytende næringer";"2016K4";35.7;.;90.9
"2.2 Kontrakter tilknyttet elspotprisen, tjenesteytende næringer";"2017K1";30.7;.;90.4
"2.2 Kontrakter tilknyttet elspotprisen, tjenesteytende næringer";"2017K2";29.2;.;88.7
"2.2 Kontrakter tilknyttet elspotprisen, tjenesteytende næringer";"2017K3";29.7;.;88.3
"2.2 Kontrakter tilknyttet elspotprisen, tjenesteytende næringer";"2017K4";32.8;.;88.3
"2.2 Kontrakter tilknyttet elspotprisen, tjenesteytende næringer";"2018K1";39.5;.;86.1
"2.2 Kontrakter tilknyttet elspotprisen, tjenesteytende næringer";"2018K2";41.5;.;87.6
"2.2 Kontrakter tilknyttet elspotprisen, tjenesteytende næringer";"2018K3";52.7;.;87.2
"2.2 Kontrakter tilknyttet elspotprisen, tjenesteytende næringer";"2018K4";51.7;.;87.5
"2.2 Kontrakter tilknyttet elspotprisen, tjenesteytende næringer";"2019K1";51.6;.;90.8
"2.2 Kontrakter tilknyttet elspotprisen, tjenesteytende næringer";"2019K2";42.3;.;88.9
"2.2 Kontrakter tilknyttet elspotprisen, tjenesteytende næringer";"2019K3";37.9;.;88.7
"2.2 Kontrakter tilknyttet elspotprisen, tjenesteytende næringer";"2019K4";43.5;.;87.5
"2.2 Kontrakter tilknyttet elspotprisen, tjenesteytende næringer";"2020K1";23.0;.;86.6
"2.2 Kontrakter tilknyttet elspotprisen, tjenesteytende næringer";"2020K2";9.7;.;88.0
"2.2 Kontrakter tilknyttet elspotprisen, tjenesteytende næringer";"2020K3";9.1;.;89.7
"2.2 Kontrakter tilknyttet elspotprisen, tjenesteytende næringer";"2020K4";17.8;.;88.7
"2.2 Kontrakter tilknyttet elspotprisen, tjenesteytende næringer";"2021K1";51.0;.;86.6
"2.2 Kontrakter tilknyttet elspotprisen, tjenesteytende næringer";"2021K2";47.4;.;87.0
"2.2 Kontrakter tilknyttet elspotprisen, tjenesteytende næringer";"2021K3";76.1;.;87.0
"2.2 Kontrakter tilknyttet elspotprisen, tjenesteytende næringer";"2021K4";112.0;.;89.2
"2.2 Kontrakter tilknyttet elspotprisen, tjenesteytende næringer";"2022K1";116.4;.;91.4
"2.2 Kontrakter tilknyttet elspotprisen, tjenesteytende næringer";"2022K2";131.2;.;89.3
"2.2 Kontrakter tilknyttet elspotprisen, tjenesteytende næringer";"2022K3";238.8;.;90.2
"2.2 Kontrakter tilknyttet elspotprisen, tjenesteytende næringer";"2022K4";165.5;.;93.3
"2.2 Kontrakter tilknyttet elspotprisen, tjenesteytende næringer";"2023K1";109.1;.;91.8
"2.2 Kontrakter tilknyttet elspotprisen, tjenesteytende næringer";"2023K2";80.6;.;92.7
"2.2 Kontrakter tilknyttet elspotprisen, tjenesteytende næringer";"2023K3";34.5;.;91.7
"2.2 Kontrakter tilknyttet elspotprisen, tjenesteytende næringer";"2023K4";81.7;.;92.8
"2.2 Kontrakter tilknyttet elspotprisen, tjenesteytende næringer";"2024K1";76.6;.;90.9
"2.2 Kontrakter tilknyttet elspotprisen, tjenesteytende næringer";"2024K2";51.6;.;92.4
"2.2 Kontrakter tilknyttet elspotprisen, tjenesteytende næringer";"2024K3";31.7;.;91.7
"2.2 Kontrakter tilknyttet elspotprisen, tjenesteytende næringer";"2024K4";54.5;.;91.6
"2.2 Kontrakter tilknyttet elspotprisen, tjenesteytende næringer";"2025K1";67.7;.;90.9
"2.2 Kontrakter tilknyttet elspotprisen, tjenesteytende næringer";"2025K2";51.6;.;90.0
"2.3 Variabel pris kontrakter, tjenesteytende næringer";"2012K1";33.8;.;4.6
"2.3 Variabel pris kontrakter, tjenesteytende næringer";"2012K2";27.2;.;5.8
"2.3 Variabel pris kontrakter, tjenesteytende næringer";"2012K3";23.1;.;4.0
"2.3 Variabel pris kontrakter, tjenesteytende næringer";"2012K4";28.2;.;7.9
"2.3 Variabel pris kontrakter, tjenesteytende næringer";"2013K1";35.5;.;4.2
"2.3 Variabel pris kontrakter, tjenesteytende næringer";"2013K2";34.7;.;5.2
"2.3 Variabel pris kontrakter, tjenesteytende næringer";"2013K3";33.2;.;4.4
"2.3 Variabel pris kontrakter, tjenesteytende næringer";"2013K4";36.6;.;5.1
"2.3 Variabel pris kontrakter, tjenesteytende næringer";"2014K1";33.5;.;5.7
"2.3 Variabel pris kontrakter, tjenesteytende næringer";"2014K2";29.0;.;8.5
"2.3 Variabel pris kontrakter, tjenesteytende næringer";"2014K3";31.3;.;4.6
"2.3 Variabel pris kontrakter, tjenesteytende næringer";"2014K4";32.3;.;4.5
"2.3 Variabel pris kontrakter, tjenesteytende næringer";"2015K1";33.3;.;4.6
"2.3 Variabel pris kontrakter, tjenesteytende næringer";"2015K2";27.9;.;4.3
"2.3 Variabel pris kontrakter, tjenesteytende næringer";"2015K3";24.2;.;4.8
"2.3 Variabel pris kontrakter, tjenesteytende næringer";"2015K4";28.3;.;5.2
"2.3 Variabel pris kontrakter, tjenesteytende næringer";"2016K1";31.0;.;4.8
"2.3 Variabel pris kontrakter, tjenesteytende næringer";"2016K2";29.1;.;4.1
"2.3 Variabel pris kontrakter, tjenesteytende næringer";"2016K3";30.1;.;3.4
"2.3 Variabel pris kontrakter, tjenesteytende næringer";"2016K4";35.1;.;3.7
"2.3 Variabel pris kontrakter, tjenesteytende næringer";"2017K1";35.2;.;4.7
"2.3 Variabel pris kontrakter, tjenesteytende næringer";"2017K2";32.4;.;5.8
"2.3 Variabel pris kontrakter, tjenesteytende næringer";"2017K3";32.2;.;4.3
"2.3 Variabel pris kontrakter, tjenesteytende næringer";"2017K4";36.4;.;5.8
"2.3 Variabel pris kontrakter, tjenesteytende næringer";"2018K1";42.2;.;6.8
"2.3 Variabel pris kontrakter, tjenesteytende næringer";"2018K2";44.6;.;4.4
"2.3 Variabel pris kontrakter, tjenesteytende næringer";"2018K3";56.4;.;3.9
"2.3 Variabel pris kontrakter, tjenesteytende næringer";"2018K4";57.5;.;4.1
"2.3 Variabel pris kontrakter, tjenesteytende næringer";"2019K1";56.6;.;4.2
"2.3 Variabel pris kontrakter, tjenesteytende næringer";"2019K2";48.7;.;4.0
"2.3 Variabel pris kontrakter, tjenesteytende næringer";"2019K3";43.9;.;3.1
"2.3 Variabel pris kontrakter, tjenesteytende næringer";"2019K4";46.0;.;6.5
"2.3 Variabel pris kontrakter, tjenesteytende næringer";"2020K1";30.5;.;6.1
"2.3 Variabel pris kontrakter, tjenesteytende næringer";"2020K2";16.6;.;4.2
"2.3 Variabel pris kontrakter, tjenesteytende næringer";"2020K3";16.8;.;4.1
"2.3 Variabel pris kontrakter, tjenesteytende næringer";"2020K4";22.0;.;5.1
"2.3 Variabel pris kontrakter, tjenesteytende næringer";"2021K1";45.9;.;6.1
"2.3 Variabel pris kontrakter, tjenesteytende næringer";"2021K2";44.1;.;4.7
"2.3 Variabel pris kontrakter, tjenesteytende næringer";"2021K3";62.5;.;5.1
"2.3 Variabel pris kontrakter, tjenesteytende næringer";"2021K4";76.9;.;5.4
"2.3 Variabel pris kontrakter, tjenesteytende næringer";"2022K1";98.4;.;4.9
"2.3 Variabel pris kontrakter, tjenesteytende næringer";"2022K2";108.5;.;5.5
"2.3 Variabel pris kontrakter, tjenesteytende næringer";"2022K3";141.7;.;4.5
"2.3 Variabel pris kontrakter, tjenesteytende næringer";"2022K4";172.7;.;2.7
"2.3 Variabel pris kontrakter, tjenesteytende næringer";"2023K1";180.0;.;3.2
"2.3 Variabel pris kontrakter, tjenesteytende næringer";"2023K2";105.8;.;2.5
"2.3 Variabel pris kontrakter, tjenesteytende næringer";"2023K3";64.2;.;1.9
"2.3 Variabel pris kontrakter, tjenesteytende næringer";"2023K4";95.2;.;2.4
"2.3 Variabel pris kontrakter, tjenesteytende næringer";"2024K1";112.7;.;2.8
"2.3 Variabel pris kontrakter, tjenesteytende næringer";"2024K2";71.9;.;2.0
"2.3 Variabel pris kontrakter, tjenesteytende næringer";"2024K3";52.6;.;1.6
"2.3 Variabel pris kontrakter, tjenesteytende næringer";"2024K4";70.8;.;1.8
"2.3 Variabel pris kontrakter, tjenesteytende næringer";"2025K1";95.9;.;1.9
"2.3 Variabel pris kontrakter, tjenesteytende næringer";"2025K2";71.3;.;1.6
"3 Industri unntatt kraftintensiv industri, i alt";"2012K1";31.8;.;100.0
"3 Industri unntatt kraftintensiv industri, i alt";"2012K2";24.8;.;100.0
"3 Industri unntatt kraftintensiv industri, i alt";"2012K3";19.7;.;100.0
"3 Industri unntatt kraftintensiv industri, i alt";"2012K4";30.8;.;100.0
"3 Industri unntatt kraftintensiv industri, i alt";"2013K1";33.8;.;100.0
"3 Industri unntatt kraftintensiv industri, i alt";"2013K2";32.8;.;100.0
"3 Industri unntatt kraftintensiv industri, i alt";"2013K3";30.4;.;100.0
"3 Industri unntatt kraftintensiv industri, i alt";"2013K4";32.2;.;100.0
"3 Industri unntatt kraftintensiv industri, i alt";"2014K1";28.4;.;100.0
"3 Industri unntatt kraftintensiv industri, i alt";"2014K2";23.4;.;100.0
"3 Industri unntatt kraftintensiv industri, i alt";"2014K3";29.2;.;100.0
"3 Industri unntatt kraftintensiv industri, i alt";"2014K4";29.1;.;100.0
"3 Industri unntatt kraftintensiv industri, i alt";"2015K1";28.6;.;100.0
"3 Industri unntatt kraftintensiv industri, i alt";"2015K2";22.2;.;100.0
"3 Industri unntatt kraftintensiv industri, i alt";"2015K3";16.6;.;100.0
"3 Industri unntatt kraftintensiv industri, i alt";"2015K4";23.8;.;100.0
"3 Industri unntatt kraftintensiv industri, i alt";"2016K1";26.4;.;100.0
"3 Industri unntatt kraftintensiv industri, i alt";"2016K2";26.0;.;100.0
"3 Industri unntatt kraftintensiv industri, i alt";"2016K3";26.6;.;100.0
"3 Industri unntatt kraftintensiv industri, i alt";"2016K4";35.0;.;100.0
"3 Industri unntatt kraftintensiv industri, i alt";"2017K1";29.9;.;100.0
"3 Industri unntatt kraftintensiv industri, i alt";"2017K2";29.2;.;100.0
"3 Industri unntatt kraftintensiv industri, i alt";"2017K3";28.9;.;100.0
"3 Industri unntatt kraftintensiv industri, i alt";"2017K4";32.5;.;100.0
"3 Industri unntatt kraftintensiv industri, i alt";"2018K1";38.6;.;100.0
"3 Industri unntatt kraftintensiv industri, i alt";"2018K2";39.9;.;100.0
"3 Industri unntatt kraftintensiv industri, i alt";"2018K3";49.4;.;100.0
"3 Industri unntatt kraftintensiv industri, i alt";"2018K4";49.4;.;100.0
"3 Industri unntatt kraftintensiv industri, i alt";"2019K1";50.3;.;100.0
"3 Industri unntatt kraftintensiv industri, i alt";"2019K2";38.8;.;100.0
"3 Industri unntatt kraftintensiv industri, i alt";"2019K3";36.6;.;100.0
"3 Industri unntatt kraftintensiv industri, i alt";"2019K4";43.1;.;100.0
"3 Industri unntatt kraftintensiv industri, i alt";"2020K1";22.8;.;100.0
"3 Industri unntatt kraftintensiv industri, i alt";"2020K2";10.4;.;100.0
"3 Industri unntatt kraftintensiv industri, i alt";"2020K3";9.9;.;100.0
"3 Industri unntatt kraftintensiv industri, i alt";"2020K4";17.6;.;100.0
"3 Industri unntatt kraftintensiv industri, i alt";"2021K1";49.4;.;100.0
"3 Industri unntatt kraftintensiv industri, i alt";"2021K2";45.3;.;100.0
"3 Industri unntatt kraftintensiv industri, i alt";"2021K3";70.7;.;100.0
"3 Industri unntatt kraftintensiv industri, i alt";"2021K4";103.5;.;100.0
"3 Industri unntatt kraftintensiv industri, i alt";"2022K1";103.8;.;100.0
"3 Industri unntatt kraftintensiv industri, i alt";"2022K2";120.7;.;100.0
"3 Industri unntatt kraftintensiv industri, i alt";"2022K3";216.2;.;100.0
"3 Industri unntatt kraftintensiv industri, i alt";"2022K4";150.7;.;100.0
"3 Industri unntatt kraftintensiv industri, i alt";"2023K1";103.2;.;100.0
"3 Industri unntatt kraftintensiv industri, i alt";"2023K2";76.4;.;100.0
"3 Industri unntatt kraftintensiv industri, i alt";"2023K3";35.8;.;100.0
"3 Industri unntatt kraftintensiv industri, i alt";"2023K4";79.1;.;100.0
"3 Industri unntatt kraftintensiv industri, i alt";"2024K1";73.4;.;100.0
"3 Industri unntatt kraftintensiv industri, i alt";"2024K2";51.0;.;100.0
"3 Industri unntatt kraftintensiv industri, i alt";"2024K3";34.2;.;100.0
"3 Industri unntatt kraftintensiv industri, i alt";"2024K4";51.7;.;100.0
"3 Industri unntatt kraftintensiv industri, i alt";"2025K1";64.2;.;100.0
"3 Industri unntatt kraftintensiv industri, i alt";"2025K2";50.5;.;100.0
"3.1 Fastpriskontrakter, industri unntatt kraftintensiv industri";"2012K1";35.8;.;12.3
"3.1 Fastpriskontrakter, industri unntatt kraftintensiv industri";"2012K2";36.7;.;12.1
"3.1 Fastpriskontrakter, industri unntatt kraftintensiv industri";"2012K3";35.6;.;15.8
"3.1 Fastpriskontrakter, industri unntatt kraftintensiv industri";"2012K4";35.9;.;16.1
"3.1 Fastpriskontrakter, industri unntatt kraftintensiv industri";"2013K1";35.8;.;7.9
"3.1 Fastpriskontrakter, industri unntatt kraftintensiv industri";"2013K2";35.0;.;9.5
"3.1 Fastpriskontrakter, industri unntatt kraftintensiv industri";"2013K3";34.8;.;10.0
"3.1 Fastpriskontrakter, industri unntatt kraftintensiv industri";"2013K4";35.3;.;8.5
"3.1 Fastpriskontrakter, industri unntatt kraftintensiv industri";"2014K1";32.3;.;10.2
"3.1 Fastpriskontrakter, industri unntatt kraftintensiv industri";"2014K2";30.9;.;11.4
"3.1 Fastpriskontrakter, industri unntatt kraftintensiv industri";"2014K3";32.5;.;11.5
"3.1 Fastpriskontrakter, industri unntatt kraftintensiv industri";"2014K4";32.2;.;9.4
"3.1 Fastpriskontrakter, industri unntatt kraftintensiv industri";"2015K1";31.6;.;8.8
"3.1 Fastpriskontrakter, industri unntatt kraftintensiv industri";"2015K2";30.4;.;8.6
"3.1 Fastpriskontrakter, industri unntatt kraftintensiv industri";"2015K3";29.0;.;6.9
"3.1 Fastpriskontrakter, industri unntatt kraftintensiv industri";"2015K4";29.2;.;7.2
"3.1 Fastpriskontrakter, industri unntatt kraftintensiv industri";"2016K1";28.9;.;5.2
"3.1 Fastpriskontrakter, industri unntatt kraftintensiv industri";"2016K2";27.4;.;5.1
"3.1 Fastpriskontrakter, industri unntatt kraftintensiv industri";"2016K3";28.3;.;4.6
"3.1 Fastpriskontrakter, industri unntatt kraftintensiv industri";"2016K4";30.5;.;4.4
"3.1 Fastpriskontrakter, industri unntatt kraftintensiv industri";"2017K1";29.2;.;6.0
"3.1 Fastpriskontrakter, industri unntatt kraftintensiv industri";"2017K2";29.1;.;6.9
"3.1 Fastpriskontrakter, industri unntatt kraftintensiv industri";"2017K3";29.3;.;9.9
"3.1 Fastpriskontrakter, industri unntatt kraftintensiv industri";"2017K4";29.7;.;7.3
"3.1 Fastpriskontrakter, industri unntatt kraftintensiv industri";"2018K1";29.5;.;5.0
"3.1 Fastpriskontrakter, industri unntatt kraftintensiv industri";"2018K2";30.8;.;3.8
"3.1 Fastpriskontrakter, industri unntatt kraftintensiv industri";"2018K3";30.4;.;10.5
"3.1 Fastpriskontrakter, industri unntatt kraftintensiv industri";"2018K4";32.0;.;5.4
"3.1 Fastpriskontrakter, industri unntatt kraftintensiv industri";"2019K1";33.8;.;6.5
"3.1 Fastpriskontrakter, industri unntatt kraftintensiv industri";"2019K2";33.3;.;8.1
"3.1 Fastpriskontrakter, industri unntatt kraftintensiv industri";"2019K3";33.4;.;8.6
"3.1 Fastpriskontrakter, industri unntatt kraftintensiv industri";"2019K4";34.6;.;6.6
"3.1 Fastpriskontrakter, industri unntatt kraftintensiv industri";"2020K1";33.8;.;7.8
"3.1 Fastpriskontrakter, industri unntatt kraftintensiv industri";"2020K2";27.2;.;5.3
"3.1 Fastpriskontrakter, industri unntatt kraftintensiv industri";"2020K3";28.5;.;4.7
"3.1 Fastpriskontrakter, industri unntatt kraftintensiv industri";"2020K4";25.3;.;6.1
"3.1 Fastpriskontrakter, industri unntatt kraftintensiv industri";"2021K1";34.6;.;3.7
"3.1 Fastpriskontrakter, industri unntatt kraftintensiv industri";"2021K2";33.5;.;4.0
"3.1 Fastpriskontrakter, industri unntatt kraftintensiv industri";"2021K3";39.6;.;5.8
"3.1 Fastpriskontrakter, industri unntatt kraftintensiv industri";"2021K4";38.8;.;4.2
"3.1 Fastpriskontrakter, industri unntatt kraftintensiv industri";"2022K1";38.1;.;3.3
"3.1 Fastpriskontrakter, industri unntatt kraftintensiv industri";"2022K2";50.9;.;5.3
"3.1 Fastpriskontrakter, industri unntatt kraftintensiv industri";"2022K3";44.4;.;4.2
"3.1 Fastpriskontrakter, industri unntatt kraftintensiv industri";"2022K4";51.7;.;4.7
"3.1 Fastpriskontrakter, industri unntatt kraftintensiv industri";"2023K1";46.4;.;5.1
"3.1 Fastpriskontrakter, industri unntatt kraftintensiv industri";"2023K2";41.5;.;6.4
"3.1 Fastpriskontrakter, industri unntatt kraftintensiv industri";"2023K3";42.3;.;7.2
"3.1 Fastpriskontrakter, industri unntatt kraftintensiv industri";"2023K4";50.6;.;6.8
"3.1 Fastpriskontrakter, industri unntatt kraftintensiv industri";"2024K1";56.4;.;11.3
"3.1 Fastpriskontrakter, industri unntatt kraftintensiv industri";"2024K2";52.4;.;12.9
"3.1 Fastpriskontrakter, industri unntatt kraftintensiv industri";"2024K3";47.9;.;14.1
"3.1 Fastpriskontrakter, industri unntatt kraftintensiv industri";"2024K4";51.5;.;9.8
"3.1 Fastpriskontrakter, industri unntatt kraftintensiv industri";"2025K1";55.2;.;7.1
"3.1 Fastpriskontrakter, industri unntatt kraftintensiv industri";"2025K2";48.4;.;7.0
"3.2 Kontrakter tilknyttet elspotprisen, industri unntatt kraftintensiv industri";"2012K1";31.0;.;84.0
"3.2 Kontrakter tilknyttet elspotprisen, industri unntatt kraftintensiv industri";"2012K2";22.9;.;84.5
"3.2 Kontrakter tilknyttet elspotprisen, industri unntatt kraftintensiv industri";"2012K3";16.4;.;80.8
"3.2 Kontrakter tilknyttet elspotprisen, industri unntatt kraftintensiv industri";"2012K4";29.8;.;81.5
"3.2 Kontrakter tilknyttet elspotprisen, industri unntatt kraftintensiv industri";"2013K1";33.5;.;89.1
"3.2 Kontrakter tilknyttet elspotprisen, industri unntatt kraftintensiv industri";"2013K2";32.5;.;87.4
"3.2 Kontrakter tilknyttet elspotprisen, industri unntatt kraftintensiv industri";"2013K3";29.8;.;87.1
"3.2 Kontrakter tilknyttet elspotprisen, industri unntatt kraftintensiv industri";"2013K4";31.7;.;88.3
"3.2 Kontrakter tilknyttet elspotprisen, industri unntatt kraftintensiv industri";"2014K1";27.7;.;86.4
"3.2 Kontrakter tilknyttet elspotprisen, industri unntatt kraftintensiv industri";"2014K2";22.1;.;84.9
"3.2 Kontrakter tilknyttet elspotprisen, industri unntatt kraftintensiv industri";"2014K3";28.6;.;86.0
"3.2 Kontrakter tilknyttet elspotprisen, industri unntatt kraftintensiv industri";"2014K4";28.7;.;88.4
"3.2 Kontrakter tilknyttet elspotprisen, industri unntatt kraftintensiv industri";"2015K1";28.1;.;88.5
"3.2 Kontrakter tilknyttet elspotprisen, industri unntatt kraftintensiv industri";"2015K2";21.3;.;89.1
"3.2 Kontrakter tilknyttet elspotprisen, industri unntatt kraftintensiv industri";"2015K3";15.6;.;91.1
"3.2 Kontrakter tilknyttet elspotprisen, industri unntatt kraftintensiv industri";"2015K4";23.3;.;90.5
"3.2 Kontrakter tilknyttet elspotprisen, industri unntatt kraftintensiv industri";"2016K1";26.2;.;92.5
"3.2 Kontrakter tilknyttet elspotprisen, industri unntatt kraftintensiv industri";"2016K2";25.9;.;92.9
"3.2 Kontrakter tilknyttet elspotprisen, industri unntatt kraftintensiv industri";"2016K3";26.4;.;93.7
"3.2 Kontrakter tilknyttet elspotprisen, industri unntatt kraftintensiv industri";"2016K4";35.1;.;93.8
"3.2 Kontrakter tilknyttet elspotprisen, industri unntatt kraftintensiv industri";"2017K1";29.7;.;91.0
"3.2 Kontrakter tilknyttet elspotprisen, industri unntatt kraftintensiv industri";"2017K2";28.9;.;86.4
"3.2 Kontrakter tilknyttet elspotprisen, industri unntatt kraftintensiv industri";"2017K3";28.8;.;87.7
"3.2 Kontrakter tilknyttet elspotprisen, industri unntatt kraftintensiv industri";"2017K4";32.6;.;89.9
"3.2 Kontrakter tilknyttet elspotprisen, industri unntatt kraftintensiv industri";"2018K1";39.0;.;92.4
"3.2 Kontrakter tilknyttet elspotprisen, industri unntatt kraftintensiv industri";"2018K2";40.2;.;93.5
"3.2 Kontrakter tilknyttet elspotprisen, industri unntatt kraftintensiv industri";"2018K3";51.6;.;87.1
"3.2 Kontrakter tilknyttet elspotprisen, industri unntatt kraftintensiv industri";"2018K4";50.3;.;91.8
"3.2 Kontrakter tilknyttet elspotprisen, industri unntatt kraftintensiv industri";"2019K1";51.3;.;90.5
"3.2 Kontrakter tilknyttet elspotprisen, industri unntatt kraftintensiv industri";"2019K2";39.0;.;89.6
"3.2 Kontrakter tilknyttet elspotprisen, industri unntatt kraftintensiv industri";"2019K3";36.8;.;89.8
"3.2 Kontrakter tilknyttet elspotprisen, industri unntatt kraftintensiv industri";"2019K4";43.6;.;90.1
"3.2 Kontrakter tilknyttet elspotprisen, industri unntatt kraftintensiv industri";"2020K1";21.6;.;87.0
"3.2 Kontrakter tilknyttet elspotprisen, industri unntatt kraftintensiv industri";"2020K2";9.2;.;88.3
"3.2 Kontrakter tilknyttet elspotprisen, industri unntatt kraftintensiv industri";"2020K3";8.7;.;89.1
"3.2 Kontrakter tilknyttet elspotprisen, industri unntatt kraftintensiv industri";"2020K4";16.9;.;86.9
"3.2 Kontrakter tilknyttet elspotprisen, industri unntatt kraftintensiv industri";"2021K1";50.0;.;90.3
"3.2 Kontrakter tilknyttet elspotprisen, industri unntatt kraftintensiv industri";"2021K2";46.4;.;85.2
"3.2 Kontrakter tilknyttet elspotprisen, industri unntatt kraftintensiv industri";"2021K3";73.8;.;87.0
"3.2 Kontrakter tilknyttet elspotprisen, industri unntatt kraftintensiv industri";"2021K4";107.0;.;92.8
"3.2 Kontrakter tilknyttet elspotprisen, industri unntatt kraftintensiv industri";"2022K1";106.5;.;93.5
"3.2 Kontrakter tilknyttet elspotprisen, industri unntatt kraftintensiv industri";"2022K2";125.6;.;92.3
"3.2 Kontrakter tilknyttet elspotprisen, industri unntatt kraftintensiv industri";"2022K3";226.4;.;93.6
"3.2 Kontrakter tilknyttet elspotprisen, industri unntatt kraftintensiv industri";"2022K4";155.6;.;93.7
"3.2 Kontrakter tilknyttet elspotprisen, industri unntatt kraftintensiv industri";"2023K1";105.5;.;93.6
"3.2 Kontrakter tilknyttet elspotprisen, industri unntatt kraftintensiv industri";"2023K2";78.6;.;92.6
"3.2 Kontrakter tilknyttet elspotprisen, industri unntatt kraftintensiv industri";"2023K3";35.0;.;92.1
"3.2 Kontrakter tilknyttet elspotprisen, industri unntatt kraftintensiv industri";"2023K4";81.2;.;92.2
"3.2 Kontrakter tilknyttet elspotprisen, industri unntatt kraftintensiv industri";"2024K1";75.4;.;87.8
"3.2 Kontrakter tilknyttet elspotprisen, industri unntatt kraftintensiv industri";"2024K2";50.6;.;86.5
"3.2 Kontrakter tilknyttet elspotprisen, industri unntatt kraftintensiv industri";"2024K3";31.9;.;85.5
"3.2 Kontrakter tilknyttet elspotprisen, industri unntatt kraftintensiv industri";"2024K4";51.7;.;89.5
"3.2 Kontrakter tilknyttet elspotprisen, industri unntatt kraftintensiv industri";"2025K1";64.7;.;92.2
"3.2 Kontrakter tilknyttet elspotprisen, industri unntatt kraftintensiv industri";"2025K2";50.6;.;92.5
"3.3 Variabel pris kontrakter, industri unntatt kraftintensiv industri";"2012K1";37.0;.;3.7
"3.3 Variabel pris kontrakter, industri unntatt kraftintensiv industri";"2012K2";30.0;.;3.4
"3.3 Variabel pris kontrakter, industri unntatt kraftintensiv industri";"2012K3";25.1;.;3.3
"3.3 Variabel pris kontrakter, industri unntatt kraftintensiv industri";"2012K4";30.7;.;2.4
"3.3 Variabel pris kontrakter, industri unntatt kraftintensiv industri";"2013K1";35.4;.;2.9
"3.3 Variabel pris kontrakter, industri unntatt kraftintensiv industri";"2013K2";35.7;.;3.0
"3.3 Variabel pris kontrakter, industri unntatt kraftintensiv industri";"2013K3";34.6;.;2.9
"3.3 Variabel pris kontrakter, industri unntatt kraftintensiv industri";"2013K4";37.0;.;3.2
"3.3 Variabel pris kontrakter, industri unntatt kraftintensiv industri";"2014K1";34.2;.;3.4
"3.3 Variabel pris kontrakter, industri unntatt kraftintensiv industri";"2014K2";30.7;.;3.6
"3.3 Variabel pris kontrakter, industri unntatt kraftintensiv industri";"2014K3";32.6;.;2.6
"3.3 Variabel pris kontrakter, industri unntatt kraftintensiv industri";"2014K4";33.8;.;2.2
"3.3 Variabel pris kontrakter, industri unntatt kraftintensiv industri";"2015K1";33.4;.;2.7
"3.3 Variabel pris kontrakter, industri unntatt kraftintensiv industri";"2015K2";27.7;.;2.4
"3.3 Variabel pris kontrakter, industri unntatt kraftintensiv industri";"2015K3";22.3;.;2.0
"3.3 Variabel pris kontrakter, industri unntatt kraftintensiv industri";"2015K4";27.8;.;2.3
"3.3 Variabel pris kontrakter, industri unntatt kraftintensiv industri";"2016K1";29.9;.;2.2
"3.3 Variabel pris kontrakter, industri unntatt kraftintensiv industri";"2016K2";28.6;.;2.0
"3.3 Variabel pris kontrakter, industri unntatt kraftintensiv industri";"2016K3";29.7;.;1.7
"3.3 Variabel pris kontrakter, industri unntatt kraftintensiv industri";"2016K4";36.3;.;1.8
"3.3 Variabel pris kontrakter, industri unntatt kraftintensiv industri";"2017K1";36.3;.;3.0
"3.3 Variabel pris kontrakter, industri unntatt kraftintensiv industri";"2017K2";32.3;.;6.8
"3.3 Variabel pris kontrakter, industri unntatt kraftintensiv industri";"2017K3";32.2;.;2.4
"3.3 Variabel pris kontrakter, industri unntatt kraftintensiv industri";"2017K4";36.7;.;2.8
"3.3 Variabel pris kontrakter, industri unntatt kraftintensiv industri";"2018K1";42.6;.;2.6
"3.3 Variabel pris kontrakter, industri unntatt kraftintensiv industri";"2018K2";44.4;.;2.6
"3.3 Variabel pris kontrakter, industri unntatt kraftintensiv industri";"2018K3";54.8;.;2.4
"3.3 Variabel pris kontrakter, industri unntatt kraftintensiv industri";"2018K4";55.6;.;2.8
"3.3 Variabel pris kontrakter, industri unntatt kraftintensiv industri";"2019K1";56.4;.;2.9
"3.3 Variabel pris kontrakter, industri unntatt kraftintensiv industri";"2019K2";47.8;.;2.3
"3.3 Variabel pris kontrakter, industri unntatt kraftintensiv industri";"2019K3";44.2;.;1.7
"3.3 Variabel pris kontrakter, industri unntatt kraftintensiv industri";"2019K4";45.7;.;3.4
"3.3 Variabel pris kontrakter, industri unntatt kraftintensiv industri";"2020K1";25.3;.;5.2
"3.3 Variabel pris kontrakter, industri unntatt kraftintensiv industri";"2020K2";13.4;.;6.4
"3.3 Variabel pris kontrakter, industri unntatt kraftintensiv industri";"2020K3";12.5;.;6.2
"3.3 Variabel pris kontrakter, industri unntatt kraftintensiv industri";"2020K4";19.1;.;7.0
"3.3 Variabel pris kontrakter, industri unntatt kraftintensiv industri";"2021K1";49.0;.;6.1
"3.3 Variabel pris kontrakter, industri unntatt kraftintensiv industri";"2021K2";40.6;.;10.9
"3.3 Variabel pris kontrakter, industri unntatt kraftintensiv industri";"2021K3";59.0;.;7.1
"3.3 Variabel pris kontrakter, industri unntatt kraftintensiv industri";"2021K4";86.3;.;3.0
"3.3 Variabel pris kontrakter, industri unntatt kraftintensiv industri";"2022K1";93.8;.;3.2
"3.3 Variabel pris kontrakter, industri unntatt kraftintensiv industri";"2022K2";84.2;.;2.4
"3.3 Variabel pris kontrakter, industri unntatt kraftintensiv industri";"2022K3";113.9;.;2.2
"3.3 Variabel pris kontrakter, industri unntatt kraftintensiv industri";"2022K4";155.1;.;1.6
"3.3 Variabel pris kontrakter, industri unntatt kraftintensiv industri";"2023K1";162.5;.;1.2
"3.3 Variabel pris kontrakter, industri unntatt kraftintensiv industri";"2023K2";98.1;.;0.9
"3.3 Variabel pris kontrakter, industri unntatt kraftintensiv industri";"2023K3";65.5;.;0.7
"3.3 Variabel pris kontrakter, industri unntatt kraftintensiv industri";"2023K4";79.3;.;1.0
"3.3 Variabel pris kontrakter, industri unntatt kraftintensiv industri";"2024K1";98.0;.;0.9
"3.3 Variabel pris kontrakter, industri unntatt kraftintensiv industri";"2024K2";69.1;.;0.6
"3.3 Variabel pris kontrakter, industri unntatt kraftintensiv industri";"2024K3";48.2;.;0.4
"3.3 Variabel pris kontrakter, industri unntatt kraftintensiv industri";"2024K4";58.0;.;0.7
"3.3 Variabel pris kontrakter, industri unntatt kraftintensiv industri";"2025K1";76.3;.;0.8
"3.3 Variabel pris kontrakter, industri unntatt kraftintensiv industri";"2025K2";61.1;.;0.5
"4 Kraftintensiv industri, i alt";"2012K1";28.7;.;100.0
"4 Kraftintensiv industri, i alt";"2012K2";23.3;.;100.0
"4 Kraftintensiv industri, i alt";"2012K3";26.5;.;100.0
"4 Kraftintensiv industri, i alt";"2012K4";27.1;.;100.0
"4 Kraftintensiv industri, i alt";"2013K1";29.7;.;100.0
"4 Kraftintensiv industri, i alt";"2013K2";28.1;.;100.0
"4 Kraftintensiv industri, i alt";"2013K3";28.6;.;100.0
"4 Kraftintensiv industri, i alt";"2013K4";29.2;.;100.0
"4 Kraftintensiv industri, i alt";"2014K1";29.3;.;100.0
"4 Kraftintensiv industri, i alt";"2014K2";29.3;.;100.0
"4 Kraftintensiv industri, i alt";"2014K3";29.7;.;100.0
"4 Kraftintensiv industri, i alt";"2014K4";29.7;.;100.0
"4 Kraftintensiv industri, i alt";"2015K1";30.3;.;100.0
"4 Kraftintensiv industri, i alt";"2015K2";30.1;.;100.0
"4 Kraftintensiv industri, i alt";"2015K3";31.3;.;100.0
"4 Kraftintensiv industri, i alt";"2015K4";31.8;.;100.0
"4 Kraftintensiv industri, i alt";"2016K1";30.8;.;100.0
"4 Kraftintensiv industri, i alt";"2016K2";30.7;.;100.0
"4 Kraftintensiv industri, i alt";"2016K3";30.1;.;100.0
"4 Kraftintensiv industri, i alt";"2016K4";30.0;.;100.0
"4 Kraftintensiv industri, i alt";"2017K1";30.9;.;100.0
"4 Kraftintensiv industri, i alt";"2017K2";31.4;.;100.0
"4 Kraftintensiv industri, i alt";"2017K3";28.2;.;100.0
"4 Kraftintensiv industri, i alt";"2017K4";28.8;.;100.0
"4 Kraftintensiv industri, i alt";"2018K1";31.4;.;100.0
"4 Kraftintensiv industri, i alt";"2018K2";30.9;.;100.0
"4 Kraftintensiv industri, i alt";"2018K3";32.2;.;100.0
"4 Kraftintensiv industri, i alt";"2018K4";31.8;.;100.0
"4 Kraftintensiv industri, i alt";"2019K1";32.5;.;100.0
"4 Kraftintensiv industri, i alt";"2019K2";32.5;.;100.0
"4 Kraftintensiv industri, i alt";"2019K3";32.0;.;100.0
"4 Kraftintensiv industri, i alt";"2019K4";31.8;.;100.0
"4 Kraftintensiv industri, i alt";"2020K1";30.1;.;100.0
"4 Kraftintensiv industri, i alt";"2020K2";26.7;.;100.0
"4 Kraftintensiv industri, i alt";"2020K3";28.4;.;100.0
"4 Kraftintensiv industri, i alt";"2020K4";28.3;.;100.0
"4 Kraftintensiv industri, i alt";"2021K1";33.5;.;100.0
"4 Kraftintensiv industri, i alt";"2021K2";32.4;.;100.0
"4 Kraftintensiv industri, i alt";"2021K3";38.2;.;100.0
"4 Kraftintensiv industri, i alt";"2021K4";46.9;.;100.0
"4 Kraftintensiv industri, i alt";"2022K1";43.0;.;100.0
"4 Kraftintensiv industri, i alt";"2022K2";45.7;.;100.0
"4 Kraftintensiv industri, i alt";"2022K3";62.1;.;100.0
"4 Kraftintensiv industri, i alt";"2022K4";50.0;.;100.0
"4 Kraftintensiv industri, i alt";"2023K1";49.7;.;100.0
"4 Kraftintensiv industri, i alt";"2023K2";46.8;.;100.0
"4 Kraftintensiv industri, i alt";"2023K3";41.1;.;100.0
"4 Kraftintensiv industri, i alt";"2023K4";46.5;.;100.0
"4 Kraftintensiv industri, i alt";"2024K1";44.5;.;100.0
"4 Kraftintensiv industri, i alt";"2024K2";41.4;.;100.0
"4 Kraftintensiv industri, i alt";"2024K3";39.6;.;100.0
"4 Kraftintensiv industri, i alt";"2024K4";39.4;.;100.0
"4 Kraftintensiv industri, i alt";"2025K1";41.9;.;100.0
"4 Kraftintensiv industri, i alt";"2025K2";40.1;.;100.0
"4.1 Fastpriskontrakter og ikke markedsbestemte priser, kraftintensiv industri";"2012K1";28.6;.;95.1
"4.1 Fastpriskontrakter og ikke markedsbestemte priser, kraftintensiv industri";"2012K2";23.3;.;96.3
"4.1 Fastpriskontrakter og ikke markedsbestemte priser, kraftintensiv industri";"2012K3";:;.;95.9
"4.1 Fastpriskontrakter og ikke markedsbestemte priser, kraftintensiv industri";"2012K4";26.9;.;95.2
"4.1 Fastpriskontrakter og ikke markedsbestemte priser, kraftintensiv industri";"2013K1";:;.;95.6
"4.1 Fastpriskontrakter og ikke markedsbestemte priser, kraftintensiv industri";"2013K2";:;.;97.2
"4.1 Fastpriskontrakter og ikke markedsbestemte priser, kraftintensiv industri";"2013K3";:;.;97.4
"4.1 Fastpriskontrakter og ikke markedsbestemte priser, kraftintensiv industri";"2013K4";29.1;.;96.6
"4.1 Fastpriskontrakter og ikke markedsbestemte priser, kraftintensiv industri";"2014K1";:;.;95.6
"4.1 Fastpriskontrakter og ikke markedsbestemte priser, kraftintensiv industri";"2014K2";:;.;:
"4.1 Fastpriskontrakter og ikke markedsbestemte priser, kraftintensiv industri";"2014K3";:;.;:
"4.1 Fastpriskontrakter og ikke markedsbestemte priser, kraftintensiv industri";"2014K4";:;.;:
"4.1 Fastpriskontrakter og ikke markedsbestemte priser, kraftintensiv industri";"2015K1";:;.;:
"4.1 Fastpriskontrakter og ikke markedsbestemte priser, kraftintensiv industri";"2015K2";:;.;:
"4.1 Fastpriskontrakter og ikke markedsbestemte priser, kraftintensiv industri";"2015K3";:;.;:
"4.1 Fastpriskontrakter og ikke markedsbestemte priser, kraftintensiv industri";"2015K4";:;.;:
"4.1 Fastpriskontrakter og ikke markedsbestemte priser, kraftintensiv industri";"2016K1";:;.;:
"4.1 Fastpriskontrakter og ikke markedsbestemte priser, kraftintensiv industri";"2016K2";:;.;:
"4.1 Fastpriskontrakter og ikke markedsbestemte priser, kraftintensiv industri";"2016K3";:;.;:
"4.1 Fastpriskontrakter og ikke markedsbestemte priser, kraftintensiv industri";"2016K4";:;.;:
"4.1 Fastpriskontrakter og ikke markedsbestemte priser, kraftintensiv industri";"2017K1";:;.;:
"4.1 Fastpriskontrakter og ikke markedsbestemte priser, kraftintensiv industri";"2017K2";:;.;:
"4.1 Fastpriskontrakter og ikke markedsbestemte priser, kraftintensiv industri";"2017K3";:;.;:
"4.1 Fastpriskontrakter og ikke markedsbestemte priser, kraftintensiv industri";"2017K4";:;.;:
"4.1 Fastpriskontrakter og ikke markedsbestemte priser, kraftintensiv industri";"2018K1";:;.;:
"4.1 Fastpriskontrakter og ikke markedsbestemte priser, kraftintensiv industri";"2018K2";:;.;:
"4.1 Fastpriskontrakter og ikke markedsbestemte priser, kraftintensiv industri";"2018K3";:;.;:
"4.1 Fastpriskontrakter og ikke markedsbestemte priser, kraftintensiv industri";"2018K4";:;.;:
"4.1 Fastpriskontrakter og ikke markedsbestemte priser, kraftintensiv industri";"2019K1";:;.;:
"4.1 Fastpriskontrakter og ikke markedsbestemte priser, kraftintensiv industri";"2019K2";:;.;:
"4.1 Fastpriskontrakter og ikke markedsbestemte priser, kraftintensiv industri";"2019K3";:;.;:
"4.1 Fastpriskontrakter og ikke markedsbestemte priser, kraftintensiv industri";"2019K4";:;.;:
"4.1 Fastpriskontrakter og ikke markedsbestemte priser, kraftintensiv industri";"2020K1";:;.;:
"4.1 Fastpriskontrakter og ikke markedsbestemte priser, kraftintensiv industri";"2020K2";:;.;:
"4.1 Fastpriskontrakter og ikke markedsbestemte priser, kraftintensiv industri";"2020K3";:;.;:
"4.1 Fastpriskontrakter og ikke markedsbestemte priser, kraftintensiv industri";"2020K4";:;.;:
"4.1 Fastpriskontrakter og ikke markedsbestemte priser, kraftintensiv industri";"2021K1";:;.;:
"4.1 Fastpriskontrakter og ikke markedsbestemte priser, kraftintensiv industri";"2021K2";:;.;:
"4.1 Fastpriskontrakter og ikke markedsbestemte priser, kraftintensiv industri";"2021K3";:;.;:
"4.1 Fastpriskontrakter og ikke markedsbestemte priser, kraftintensiv industri";"2021K4";:;.;:
"4.1 Fastpriskontrakter og ikke markedsbestemte priser, kraftintensiv industri";"2022K1";:;.;:
"4.1 Fastpriskontrakter og ikke markedsbestemte priser, kraftintensiv industri";"2022K2";:;.;:
"4.1 Fastpriskontrakter og ikke markedsbestemte priser, kraftintensiv industri";"2022K3";:;.;:
"4.1 Fastpriskontrakter og ikke markedsbestemte priser, kraftintensiv industri";"2022K4";:;.;:
"4.1 Fastpriskontrakter og ikke markedsbestemte priser, kraftintensiv industri";"2023K1";:;.;:
"4.1 Fastpriskontrakter og ikke markedsbestemte priser, kraftintensiv industri";"2023K2";:;.;:
"4.1 Fastpriskontrakter og ikke markedsbestemte priser, kraftintensiv industri";"2023K3";:;.;:
"4.1 Fastpriskontrakter og ikke markedsbestemte priser, kraftintensiv industri";"2023K4";:;.;:
"4.1 Fastpriskontrakter og ikke markedsbestemte priser, kraftintensiv industri";"2024K1";:;.;:
"4.1 Fastpriskontrakter og ikke markedsbestemte priser, kraftintensiv industri";"2024K2";:;.;:
"4.1 Fastpriskontrakter og ikke markedsbestemte priser, kraftintensiv industri";"2024K3";:;.;:
"4.1 Fastpriskontrakter og ikke markedsbestemte priser, kraftintensiv industri";"2024K4";:;.;:
"4.1 Fastpriskontrakter og ikke markedsbestemte priser, kraftintensiv industri";"2025K1";:;.;:
"4.1 Fastpriskontrakter og ikke markedsbestemte priser, kraftintensiv industri";"2025K2";:;.;:
"4.2 Kontrakter tilknyttet elspotprisen, kraftintensiv industri";"2012K1";30.1;.;4.9
"4.2 Kontrakter tilknyttet elspotprisen, kraftintensiv industri";"2012K2";22.6;.;3.7
"4.2 Kontrakter tilknyttet elspotprisen, kraftintensiv industri";"2012K3";15.9;.;4.1
"4.2 Kontrakter tilknyttet elspotprisen, kraftintensiv industri";"2012K4";30.0;.;4.8
"4.2 Kontrakter tilknyttet elspotprisen, kraftintensiv industri";"2013K1";33.9;.;4.4
"4.2 Kontrakter tilknyttet elspotprisen, kraftintensiv industri";"2013K2";30.2;.;2.8
"4.2 Kontrakter tilknyttet elspotprisen, kraftintensiv industri";"2013K3";30.0;.;2.6
"4.2 Kontrakter tilknyttet elspotprisen, kraftintensiv industri";"2013K4";30.2;.;3.4
"4.2 Kontrakter tilknyttet elspotprisen, kraftintensiv industri";"2014K1";26.2;.;4.4
"4.2 Kontrakter tilknyttet elspotprisen, kraftintensiv industri";"2014K2";22.9;.;:
"4.2 Kontrakter tilknyttet elspotprisen, kraftintensiv industri";"2014K3";28.2;.;:
"4.2 Kontrakter tilknyttet elspotprisen, kraftintensiv industri";"2014K4";26.6;.;:
"4.2 Kontrakter tilknyttet elspotprisen, kraftintensiv industri";"2015K1";25.1;.;:
"4.2 Kontrakter tilknyttet elspotprisen, kraftintensiv industri";"2015K2";19.3;.;:
"4.2 Kontrakter tilknyttet elspotprisen, kraftintensiv industri";"2015K3";14.6;.;:
"4.2 Kontrakter tilknyttet elspotprisen, kraftintensiv industri";"2015K4";21.9;.;:
"4.2 Kontrakter tilknyttet elspotprisen, kraftintensiv industri";"2016K1";23.8;.;:
"4.2 Kontrakter tilknyttet elspotprisen, kraftintensiv industri";"2016K2";24.5;.;:
"4.2 Kontrakter tilknyttet elspotprisen, kraftintensiv industri";"2016K3";24.9;.;:
"4.2 Kontrakter tilknyttet elspotprisen, kraftintensiv industri";"2016K4";33.8;.;:
"4.2 Kontrakter tilknyttet elspotprisen, kraftintensiv industri";"2017K1";29.9;.;:
"4.2 Kontrakter tilknyttet elspotprisen, kraftintensiv industri";"2017K2";27.7;.;:
"4.2 Kontrakter tilknyttet elspotprisen, kraftintensiv industri";"2017K3";25.4;.;:
"4.2 Kontrakter tilknyttet elspotprisen, kraftintensiv industri";"2017K4";29.7;.;:
"4.2 Kontrakter tilknyttet elspotprisen, kraftintensiv industri";"2018K1";36.7;.;:
"4.2 Kontrakter tilknyttet elspotprisen, kraftintensiv industri";"2018K2";37.8;.;:
"4.2 Kontrakter tilknyttet elspotprisen, kraftintensiv industri";"2018K3";48.1;.;:
"4.2 Kontrakter tilknyttet elspotprisen, kraftintensiv industri";"2018K4";45.9;.;:
"4.2 Kontrakter tilknyttet elspotprisen, kraftintensiv industri";"2019K1";45.8;.;:
"4.2 Kontrakter tilknyttet elspotprisen, kraftintensiv industri";"2019K2";36.0;.;:
"4.2 Kontrakter tilknyttet elspotprisen, kraftintensiv industri";"2019K3";33.9;.;:
"4.2 Kontrakter tilknyttet elspotprisen, kraftintensiv industri";"2019K4";39.2;.;:
"4.2 Kontrakter tilknyttet elspotprisen, kraftintensiv industri";"2020K1";15.9;.;:
"4.2 Kontrakter tilknyttet elspotprisen, kraftintensiv industri";"2020K2";6.2;.;:
"4.2 Kontrakter tilknyttet elspotprisen, kraftintensiv industri";"2020K3";5.9;.;:
"4.2 Kontrakter tilknyttet elspotprisen, kraftintensiv industri";"2020K4";12.3;.;:
"4.2 Kontrakter tilknyttet elspotprisen, kraftintensiv industri";"2021K1";42.7;.;:
"4.2 Kontrakter tilknyttet elspotprisen, kraftintensiv industri";"2021K2";39.4;.;:
"4.2 Kontrakter tilknyttet elspotprisen, kraftintensiv industri";"2021K3";64.4;.;:
"4.2 Kontrakter tilknyttet elspotprisen, kraftintensiv industri";"2021K4";88.9;.;:
"4.2 Kontrakter tilknyttet elspotprisen, kraftintensiv industri";"2022K1";81.8;.;:
"4.2 Kontrakter tilknyttet elspotprisen, kraftintensiv industri";"2022K2";83.9;.;:
"4.2 Kontrakter tilknyttet elspotprisen, kraftintensiv industri";"2022K3";152.9;.;:
"4.2 Kontrakter tilknyttet elspotprisen, kraftintensiv industri";"2022K4";103.7;.;:
"4.2 Kontrakter tilknyttet elspotprisen, kraftintensiv industri";"2023K1";74.7;.;:
"4.2 Kontrakter tilknyttet elspotprisen, kraftintensiv industri";"2023K2";53.3;.;:
"4.2 Kontrakter tilknyttet elspotprisen, kraftintensiv industri";"2023K3";31.5;.;:
"4.2 Kontrakter tilknyttet elspotprisen, kraftintensiv industri";"2023K4";63.4;.;:
"4.2 Kontrakter tilknyttet elspotprisen, kraftintensiv industri";"2024K1";61.6;.;:
"4.2 Kontrakter tilknyttet elspotprisen, kraftintensiv industri";"2024K2";40.2;.;:
"4.2 Kontrakter tilknyttet elspotprisen, kraftintensiv industri";"2024K3";27.3;.;:
"4.2 Kontrakter tilknyttet elspotprisen, kraftintensiv industri";"2024K4";36.9;.;:
"4.2 Kontrakter tilknyttet elspotprisen, kraftintensiv industri";"2025K1";46.0;.;:
"4.2 Kontrakter tilknyttet elspotprisen, kraftintensiv industri";"2025K2";35.0;.;:
